loss,val_loss
3.4545695781707764,2.8678040504455566
2.8810293674468994,2.546091318130493
2.6277003288269043,2.3602542877197266
2.458294630050659,2.218433380126953
2.328673839569092,2.107327461242676
2.2247776985168457,2.0142526626586914
2.1391522884368896,1.9416710138320923
2.0697455406188965,1.8867261409759521
2.009488344192505,1.8334466218948364
1.9555256366729736,1.7853667736053467
